{
    "groupName": "Mockdata",
    "renderSettings": {
        "width": 1024,
        "height": 1024,
        "projectionType": "perspective",
        "fov": 45.0,
        "paddingFactor": 1.2000000476837159
    },
    "objects": [
        {
            "objectName": "toaster3",
            "stableId": -1242,
            "views": [
                {
                    "viewName": "front",
                    "file": "views/toaster3_front.png",
                    "cameraPose": {
                        "position": {
                            "x": -0.1711578369140625,
                            "y": 0.08918889611959458,
                            "z": -1.2714228630065919
                        },
                        "rotation": {
                            "x": 0.0,
                            "y": 0.0,
                            "z": 0.0,
                            "w": 1.0
                        }
                    },
                    "lookAt": {
                        "x": -0.1711578369140625,
                        "y": 0.08918889611959458,
                        "z": -0.07952886819839478
                    }
                },
                {
                    "viewName": "back",
                    "file": "views/toaster3_back.png",
                    "cameraPose": {
                        "position": {
                            "x": -0.1711578369140625,
                            "y": 0.08918889611959458,
                            "z": 1.1123652458190919
                        },
                        "rotation": {
                            "x": 0.0,
                            "y": 1.0,
                            "z": 0.0,
                            "w": 0.0
                        }
                    },
                    "lookAt": {
                        "x": -0.1711578369140625,
                        "y": 0.08918889611959458,
                        "z": -0.07952886819839478
                    }
                },
                {
                    "viewName": "left",
                    "file": "views/toaster3_left.png",
                    "cameraPose": {
                        "position": {
                            "x": -1.5446147918701172,
                            "y": 0.08918889611959458,
                            "z": -0.07952886819839478
                        },
                        "rotation": {
                            "x": 0.0,
                            "y": 0.7071068286895752,
                            "z": 0.0,
                            "w": 0.7071068286895752
                        }
                    },
                    "lookAt": {
                        "x": -0.1711578369140625,
                        "y": 0.08918889611959458,
                        "z": -0.07952886819839478
                    }
                },
                {
                    "viewName": "right",
                    "file": "views/toaster3_right.png",
                    "cameraPose": {
                        "position": {
                            "x": 1.2022991180419922,
                            "y": 0.08918889611959458,
                            "z": -0.07952886819839478
                        },
                        "rotation": {
                            "x": 0.0,
                            "y": -0.7071068286895752,
                            "z": 0.0,
                            "w": 0.7071068286895752
                        }
                    },
                    "lookAt": {
                        "x": -0.1711578369140625,
                        "y": 0.08918889611959458,
                        "z": -0.07952886819839478
                    }
                },
                {
                    "viewName": "top",
                    "file": "views/toaster3_top.png",
                    "cameraPose": {
                        "position": {
                            "x": -0.1711578369140625,
                            "y": 1.1716728210449219,
                            "z": -0.07952886819839478
                        },
                        "rotation": {
                            "x": 0.7071068286895752,
                            "y": 0.0,
                            "z": 0.0,
                            "w": 0.7071068286895752
                        }
                    },
                    "lookAt": {
                        "x": -0.1711578369140625,
                        "y": 0.08918889611959458,
                        "z": -0.07952886819839478
                    }
                },
                {
                    "viewName": "bottom",
                    "file": "views/toaster3_bottom.png",
                    "cameraPose": {
                        "position": {
                            "x": -0.1711578369140625,
                            "y": -0.9932950139045715,
                            "z": -0.07952886819839478
                        },
                        "rotation": {
                            "x": -0.7071068286895752,
                            "y": 0.0,
                            "z": 0.0,
                            "w": 0.7071068286895752
                        }
                    },
                    "lookAt": {
                        "x": -0.1711578369140625,
                        "y": 0.08918889611959458,
                        "z": -0.07952886819839478
                    }
                },
                {
                    "viewName": "iso_top_left",
                    "file": "views/toaster3_iso_top_left.png",
                    "cameraPose": {
                        "position": {
                            "x": -0.9766334891319275,
                            "y": 0.8946645259857178,
                            "z": 0.7259467840194702
                        },
                        "rotation": {
                            "x": 0.1159169003367424,
                            "y": 0.8804762363433838,
                            "z": -0.2798481583595276,
                            "w": 0.3647052049636841
                        }
                    },
                    "lookAt": {
                        "x": -0.1711578369140625,
                        "y": 0.08918889611959458,
                        "z": -0.07952886819839478
                    }
                },
                {
                    "viewName": "iso_top_right",
                    "file": "views/toaster3_iso_top_right.png",
                    "cameraPose": {
                        "position": {
                            "x": 0.6343178153038025,
                            "y": 0.8946645259857178,
                            "z": 0.7259467840194702
                        },
                        "rotation": {
                            "x": -0.1159169003367424,
                            "y": 0.8804762363433838,
                            "z": -0.2798481583595276,
                            "w": -0.3647052049636841
                        }
                    },
                    "lookAt": {
                        "x": -0.1711578369140625,
                        "y": 0.08918889611959458,
                        "z": -0.07952886819839478
                    }
                }
            ]
        }
    ],
    "timestamp": "2026-01-04T20:55:19.6818560Z"
}